{
  "$schema": "https://developer.microsoft.com/json-schemas/spfx-build/package-solution.schema.json",
  "solution": {
    "name": "sp-fxsolution-client-side-solution",
    "id": "81b09d97-5267-46d7-b503-29ccfd4d2111",
    "version": "1.0.0.0",
    "includeClientSideAssets": true,
    "skipFeatureDeployment": true,
    "isDomainIsolated": false,
    "developer": {
      "name": "",
      "websiteUrl": "",
      "privacyUrl": "",
      "termsOfUseUrl": "",
      "mpnId": "Undefined-1.20.0"
    },
    "metadata": {
      "shortDescription": {
        "default": "SPFxsolution description"
      },
      "longDescription": {
        "default": "SPFxsolution description"
      },
      "screenshotPaths": [],
      "videoUrl": "",
      "categories": []
    },
    "features": [
      {
        "title": "sp-fxsolution Feature",
        "description": "The feature that activates elements of the sp-fxsolution solution.",
        "id": "37578b44-8d1d-43f0-aee2-a06ca4033c7b",
        "version": "1.0.0.0"
      }
    ]
  },
  "paths": {
    "zippedPackage": "solution/sp-fxsolution.sppkg"
  }
}
