{
  "@microsoft/generator-sharepoint": {
    "plusBeta": false,
    "isCreatingSolution": true,
    "nodeVersion": "18.20.4",
    "sdksVersions": {
      "@microsoft/microsoft-graph-client": "3.0.2",
      "@microsoft/teams-js": "2.24.0"
    },
    "version": "1.20.0",
    "libraryName": "sp-fxsolution",
    "libraryId": "81b09d97-5267-46d7-b503-29ccfd4d2111",
    "environment": "spo",
    "packageManager": "npm",
    "solutionName": "SPFxsolution",
    "solutionShortDescription": "SPFxsolution description",
    "skipFeatureDeployment": true,
    "isDomainIsolated": false,
    "componentType": "webpart"
  }
}
